Model,Train MSE,Val MSE,Test MSE,Train DirAcc,Val DirAcc,Test DirAcc,Train US,Val US,Test US,Alpha Train,Beta Train,Calib R2 Train,Alpha,Beta,Calib R2 Test,normalized
exp_060_ensemble_cnn100adam_mlp100adam,0.4434688953010826,,0.5730499142587754,77.6216967646784,,73.05677281137403,48.13993676230328,,48.22599350206712,-0.0111468205175064,1.0224791825644228,0.5569191339107472,-0.0050826536076158,0.9865032680571152,0.4270831353038749,True
exp_130_ensemble_cnn100adam_mlp100muon_mlp100sgd,0.4410801466883561,,0.5730827393507429,77.73774605899565,,73.0631468054781,48.592607598827456,,48.66491381828805,-0.003576999800891,1.032468270086544,0.5594851469432667,0.0005363594861304,1.0019906374421756,0.4269195869857387,True
exp_131_ensemble_cnn100adam_mlp100adam_mlp100sgd,0.4410987936174448,,0.5731524211822843,77.70923582980484,,73.05252348197133,48.34321949907572,,48.50768863038802,-0.0081619033709661,1.0275617679294704,0.5593667315452493,-0.0015705401547845,0.9939360605886972,0.4268691424556242,True
exp_129_ensemble_cnn100adam_mlp100muon_mlp100adam,0.4442927078326191,,0.5731875468274628,77.61947008521634,,73.05429403588913,48.45066769821595,,48.44554218787348,-0.0052059290417347,1.0274128091874333,0.5561288733864868,-0.0022306701325753,0.9942279899490988,0.42683683579348,True
exp_059_ensemble_cnn100adam_mlp100muon,0.4439809057957724,,0.5733019101875202,77.634925860306,,73.03481794279341,48.50096445782975,,48.46023778539116,-0.0043039511549286,1.028655165850721,0.5564684245120349,-0.0019060142985969,0.9973917115119604,0.426707322919272,True
exp_123_ensemble_cnn100adam_lstm100adam_mlp100muon,0.443961994382582,,0.5733684556961768,77.61706876422782,,73.04986765109464,48.37666335138835,,48.295753326428176,-0.0066403380722959,1.0260952810455228,0.5564397729384835,-0.0042124660739854,0.9938892698462268,0.4266790373492781,True
exp_124_ensemble_cnn100adam_lstm100adam_mlp100adam,0.4438601547595726,,0.5734425918368365,77.59541321494966,,73.05659575598226,48.124786609884886,,48.13693464000213,-0.0111860483154128,1.0215633481106252,0.5565077012842905,-0.0062790084862219,0.9861663657033382,0.4267185241484085,True
exp_125_ensemble_cnn100adam_lstm100adam_mlp100sgd,0.4410541144712506,,0.5735881965742324,77.69971786661404,,73.05677281137403,48.26358296302053,,48.35559804884959,-0.0095877807439107,1.0257144986253146,0.5593848313530543,-0.0035116411781404,0.9930033898580066,0.4264562153051598,True
exp_166_ensemble_mlp100muon_mlp100adam_mlp100sgd,0.4426390319044569,,0.5736919256640991,77.70849360331749,,73.03942138297967,48.73694882042747,,48.762825449942014,-0.0007768669588518,1.0330844674492734,0.5579337486164189,0.0021253295258283,1.001559084361509,0.4263163237913322,True
exp_162_ensemble_lstm100adam_mlp100adam_mlp100sgd,0.4421345101978345,,0.5737562476925796,77.68605216717036,,73.0365884967112,48.4077058827125,,48.46572650253631,-0.0068151105606897,1.027162337902527,0.5582999240640409,-0.0019988616806674,0.9935394339174356,0.4262703926925093,True
exp_161_ensemble_lstm100adam_mlp100muon_mlp100sgd,0.4422249883722302,,0.5737824210991098,77.71207375460945,,73.03889021680433,48.653339189645855,,48.62613868748838,-0.0022251682529414,1.031878975331685,0.5583125407383428,0.000118318791677,1.0013583919351148,0.426218424600669,True
exp_057_ensemble_cnn100adam_lstm100adam,0.4435118894526921,,0.573840464595341,77.59410340350139,,73.04473304473305,48.01720742959981,,48.02273391230447,-0.0132630255674727,1.0195730202612876,0.5568625527956729,-0.007951291963517,0.9849199965478824,0.4263792918289208,True
exp_082_ensemble_mlp100adam_mlp100sgd,0.4411421077373844,,0.5738456860578073,77.73329270007152,,73.03464088740162,48.56374808658377,,48.71962393434786,-0.0045640516851545,1.0304464543467295,0.5593658458278641,0.0014143034521026,0.9970225022201704,0.4261603186020776,True
exp_061_ensemble_cnn100adam_mlp100sgd,0.439786735816226,,0.5738551456991889,77.7502765885175,,73.03233916730849,48.33566625305732,,48.55991997096292,-0.0087334563570679,1.0277089456074278,0.5606930712617832,-0.0008217052858818,0.995547545836976,0.4261551838148342,True
exp_088_ensemble_cnn100muon_cnn100adam_mlp100adam,0.4381124682133312,,0.5738675097510139,77.77481372298186,,73.05872042068361,48.11369687295615,,48.10276294938872,-0.0117006503226617,1.0123083029051705,0.5621042255104347,-0.0060199242535285,0.972891230450714,0.426556519052137,True
exp_087_ensemble_cnn100muon_cnn100adam_mlp100muon,0.4382057623420144,,0.5739314454705118,77.77869949694508,,73.03835905062898,48.36243006698376,,48.26901796226949,-0.0071977125417988,1.0166377707231002,0.5619948814962987,-0.0039433621721169,0.9798861556230868,0.4262898064023251,True
exp_120_ensemble_cnn100adam_lstm100muon_mlp100adam,0.4403090006072436,,0.5740329084956388,77.72621971825082,,73.04579537708372,48.38736014488261,,48.363919652263206,-0.0074595686948008,1.0217688371271811,0.5599984849912614,-0.0032720793619957,0.9875506994528064,0.4260596081298721,True
exp_119_ensemble_cnn100adam_lstm100muon_mlp100muon,0.4405152070930005,,0.574143993551165,77.75018926775428,,73.01109252029498,48.62142345068953,,48.50538691029488,-0.0028959392929052,1.0261375802445918,0.5598559994506977,-0.0011569223618659,0.994957277493227,0.4258701779035528,True
exp_110_ensemble_cnn100muon_mlp100adam_mlp100sgd,0.4364657658603715,,0.5741572121405609,77.84755191874278,,73.01374835117166,48.39281769258376,,48.42500376242708,-0.0073702741530694,1.0175233491095517,0.5637538997244818,-0.0017840824305126,0.9798900050327806,0.4260365725542254,True
exp_160_ensemble_lstm100adam_mlp100muon_mlp100adam,0.445741626927479,,0.5741943095113967,77.58602623290368,,73.02330934232775,48.5149794403263,,48.4110163864765,-0.003857497180778,1.0262198986796078,0.5546345689771994,-0.0025969030977508,0.9929061800561252,0.425841227098607,True
exp_085_ensemble_cnn100muon_cnn100adam_lstm100adam,0.4381366039274222,,0.5742773745060932,77.75673832499565,,73.03428677661806,48.03275052545269,,47.9728042918227,-0.013098538868428,1.0104696978534886,0.5620917741112679,-0.0079269435445673,0.9721473908206362,0.4262182783712479,True
exp_089_ensemble_cnn100muon_cnn100adam_mlp100sgd,0.4359268320661382,,0.5742961150635131,77.84973493782324,,73.02083056684283,48.23729941329179,,48.30761603767738,-0.0101068218149328,1.0151619207089164,0.5642981643316258,-0.0032316718745995,0.9787193923387122,0.4259374404816515,True
exp_075_ensemble_lstm100adam_mlp100adam,0.4453639428636417,,0.5743185068331529,77.56485094782323,,73.0194141237086,48.23454880925041,,48.173230995316885,-0.009129133805,1.0211988744133274,0.5549551198402922,-0.0056614085856023,0.985114222420922,0.4258446166720248,True
exp_109_ensemble_cnn100muon_mlp100muon_mlp100sgd,0.436547698540441,,0.5743214574072486,77.86641320359796,,73.00436441540737,48.65303356697459,,48.5839995042449,-0.0028257773725894,1.0220257873229848,0.5637217667139115,0.0003398356815554,0.9869609313470122,0.425753218756021,True
exp_081_ensemble_mlp100muon_mlp100sgd,0.4416285549726933,,0.5743233784677292,77.76324372185542,,73.00772846785117,48.92730808424359,,48.93297568144194,0.0023732263634591,1.0370211750080889,0.5590892173781232,0.0047014306544088,1.008081778874667,0.4257431617169059,True
exp_103_ensemble_cnn100muon_lstm100adam_mlp100adam,0.4388962850504517,,0.5743551390850046,77.74704572027842,,73.03340149965916,48.18027895491018,,48.06699776024929,-0.0103769270645461,1.0123538119981568,0.5612923681729394,-0.0064559453209585,0.9727670263321332,0.4260826105472547,True
exp_156_ensemble_lstm100muon_mlp100adam_mlp100sgd,0.4386762288592531,,0.5743786949924345,77.81249263231061,,73.01215485264565,48.666655606036656,,48.6688090369072,-0.0030668647267641,1.0272180452407782,0.561727064099349,0.0010326655619208,0.9950073597021274,0.4256327733986141,True
exp_121_ensemble_cnn100adam_lstm100muon_mlp100sgd,0.4378900190151145,,0.5743987892947886,77.8204824821451,,73.00082330757178,48.525239630004464,,48.57780256553263,-0.0058415882007731,1.0251767828574905,0.5624816929885021,-0.0004535231057826,0.9939992458418124,0.4256177592413832,True
exp_076_ensemble_lstm100adam_mlp100sgd,0.4409976092040673,,0.5744328061685402,77.71687639658646,,73.01711240361547,48.44058215006422,,48.49618002992236,-0.0067173777013215,1.0277738307555575,0.5594536537914481,-0.0015152954654472,0.995707937710142,0.4255798250545222,True
exp_108_ensemble_cnn100muon_mlp100muon_mlp100adam,0.4394439329545608,,0.5744503452444323,77.76429157101404,,73.01994528988394,48.5144991761286,,48.36090971060296,-0.0044448595785142,1.0177374250743667,0.5607454650046486,-0.0023961152320273,0.9796000670573592,0.4257551507119229,True
exp_104_ensemble_cnn100muon_lstm100adam_mlp100sgd,0.4364065714922729,,0.5744766634619368,77.83205248327153,,73.02437167467842,48.32090904407341,,48.27592312254889,-0.0087842844959531,1.015784647762327,0.563804355524357,-0.0037170725084789,0.9792657727708908,0.425752970143097,True
exp_102_ensemble_cnn100muon_lstm100adam_mlp100muon,0.4390987042826192,,0.5745149300425738,77.76237051422325,,73.01162368647032,48.430889545346986,,48.240689099584806,-0.0058671105046591,1.0165080083154,0.561082586837991,-0.0043679077884767,0.9795467128406992,0.425719759617268,True
exp_128_ensemble_cnn100adam_lstm100sgd_mlp100sgd,0.4424992023254609,,0.5745494745989903,77.67662152474277,,73.00347913844847,47.14504764657445,,47.372763569082586,-0.027348001322696,1.0316402805823586,0.558729101259879,-0.0179450082356968,0.990224371932579,0.4260062913666707,True
exp_155_ensemble_lstm100muon_mlp100muon_mlp100sgd,0.4388710738963962,,0.5745900895951506,77.83397354006233,,72.99621986738552,48.9126818564045,,48.83453288361264,0.0015402883208871,1.0317664716467343,0.5616635711134907,0.0031978302916461,1.0025037597773705,0.4254289689968384,True
exp_117_ensemble_cnn100adam_lstm100muon_lstm100adam,0.4404244113910193,,0.5746160162309942,77.71281598109681,,73.01976823449216,48.30069428738835,,48.214484901601466,-0.0088762059521055,1.0196584009269012,0.5598594640777116,-0.0051781400177614,0.986330210499654,0.4255207651146706,True
exp_080_ensemble_mlp100muon_mlp100adam,0.4469095605581351,,0.5747725066141022,77.57563506208069,,73.00861374481006,48.713503195503336,,48.635699678644464,-0.0001185415277545,1.0283947581968709,0.5535124250985629,0.0005525319981718,0.9954154682916138,0.4252366129176337,True
exp_154_ensemble_lstm100muon_mlp100muon_mlp100adam,0.4420006537554521,,0.5747817019456837,77.71975798177266,,73.00259386148956,48.76834063480449,,48.62525341052948,-0.0001125955537835,1.0268700979153862,0.5583816885085389,0.0004275925409568,0.9944382424136816,0.4252316070529109,True
exp_074_ensemble_lstm100adam_mlp100muon,0.4461214848411713,,0.5747861770475581,77.5761153262784,,72.99427225807594,48.59863273148953,,48.43367947662426,-0.0022817725792453,1.026936280674339,0.5542647861161334,-0.0024610509446395,0.9954525886214186,0.4252338700159325,True
exp_149_ensemble_lstm100muon_lstm100adam_mlp100adam,0.441431368563954,,0.574812589430504,77.70015447043014,,73.00932196637719,48.44686924501595,,48.314344142565005,-0.0061196304198878,1.0212059199790788,0.5588455212174163,-0.0036698903776989,0.9867636404712858,0.4252945593341625,True
exp_150_ensemble_lstm100muon_lstm100adam_mlp100sgd,0.4387083095608392,,0.5748713892940865,77.7972988195106,,72.99869864287042,48.58199812609642,,48.525748280349504,-0.0045006978414198,1.02520696538003,0.5616504975881254,-0.0009017711549275,0.993900913497144,0.4251470895805014,True
exp_127_ensemble_cnn100adam_lstm100sgd_mlp100adam,0.4457883818429565,,0.574949256017482,77.5680818160623,,72.98648182083764,47.01197080342961,,47.15764126807072,-0.0288590748432594,1.0265838545507202,0.5553743088414187,-0.0205309739233312,0.982557224388142,0.4258946314343858,True
exp_165_ensemble_lstm100sgd_mlp100adam_mlp100sgd,0.4438791479276874,,0.574977335609552,77.65356884325311,,73.00861374481006,47.29694211419285,,47.49139068157473,-0.024566765731772,1.0323594840824857,0.5572346297877144,-0.0163833910994306,0.9900071874910124,0.4254983025014764,True
exp_148_ensemble_lstm100muon_lstm100adam_mlp100muon,0.4417467001531953,,0.5750195297241013,77.71604684933588,,73.00294797227312,48.69114908011942,,48.4744022167335,-0.0015525214876487,1.0253858823284172,0.5585979729513917,-0.0015443672999913,0.9939298883446978,0.4250018484542294,True
exp_126_ensemble_cnn100adam_lstm100sgd_mlp100muon,0.4461907689197394,,0.5751449754256465,77.56982823132668,,72.97798316203225,47.25948150677216,,47.32283394860082,-0.0243498455949136,1.0303198310230437,0.5548482526259084,-0.0185069468138607,0.9893074838023634,0.42545493301057,True
OLS,0.4470898395055774,,0.5751626232888088,77.51398660324851,,72.99108526102391,48.72764915914471,,48.347807611611294,-2.1857515797307772e-16,1.000000000000001,0.5529101604944227,-0.0016089462437426,0.9638471531305496,0.4254601426981805,True
OLS,0.4470898395055774,,0.575162623288809,77.51398660324851,,72.99108526102391,48.72764915914471,,48.347807611611294,-1.5959455978986623e-16,0.9999999999999992,0.5529101604944227,-0.0016089462437427,0.9638471531305484,0.4254601426981805,True
exp_053_ensemble_cnn100muon_mlp100adam,0.4366701983459534,,0.5752239943735299,77.81467565139107,,73.00843668941829,48.2112341654711,,48.11515682681327,-0.0099273746900106,1.0076193579718389,0.5634590881572465,-0.00525647346461,0.964934348645522,0.4254260969047972,True
exp_164_ensemble_lstm100sgd_mlp100muon_mlp100sgd,0.4442701735558565,,0.5752733645649063,77.66998514673817,,72.9921475933746,47.53572074121357,,47.644897706247406,-0.0200189833005655,1.036273203092524,0.5567852200124641,-0.0143130791738779,0.9968335363429192,0.4250409826262262,True
exp_056_ensemble_cnn100adam_lstm100muon,0.4389449305285793,,0.5753241683208308,77.76529575979106,,72.99391814729238,48.39417116441365,,48.3357678449703,-0.007673419282318,1.018440695851078,0.5612958620434274,-0.0033524618589183,0.9856078219542712,0.4247938838520424,True
exp_099_ensemble_cnn100muon_lstm100muon_mlp100adam,0.4359564562663069,,0.5753613356291604,77.85733184422325,,72.9946263688595,48.43315988519066,,48.2835365043954,-0.0066768732112435,1.0114929905557166,0.5641599524537715,-0.0034223114877109,0.9731331113225178,0.4250034013110066,True
exp_071_ensemble_lstm100muon_mlp100adam,0.440135065704027,,0.575378883362065,77.74691473913359,,72.99232464876637,48.614656091540105,,48.485202595632046,-0.0035398033100742,1.021384734615724,0.5601224795144426,-0.0011280622349611,0.986834027412962,0.424702537340737,True
exp_171_ensemble_cnn100adam_cnn100muon,0.4360364342827927,,0.5754365987286417,77.82838501121635,,72.99993803061288,47.990050672238894,,47.969794350162445,-0.0139763496144741,1.003969181767058,0.564166180545389,-0.0073954069565681,0.9633411129692252,0.4253287426772887,True
exp_084_ensemble_cnn100muon_cnn100adam_lstm100muon,0.4354909610257229,,0.57547171647095,77.85156867385084,,72.98701298701299,48.287945455958464,,48.17677210315247,-0.0093978608521992,1.009054324244703,0.5646412436111585,-0.0048646657014442,0.9720729786111608,0.4249474457551627,True
exp_159_ensemble_lstm100adam_lstm100sgd_mlp100sgd,0.4437902070722601,,0.5754922246787594,77.63370336962093,,72.97373383262953,47.209577690592845,,47.35098575589373,-0.0259734325504626,1.0306446484137184,0.5573376218300852,-0.0183050485789286,0.9891067417705484,0.4250989758038752,True
exp_107_ensemble_cnn100muon_lstm100sgd_mlp100sgd,0.4377427078842002,,0.575553794920228,77.80716606575429,,72.98665887622943,47.19097836802733,,47.30636779716534,-0.026366735700916,1.0215860910615326,0.5631748719722593,-0.0179433947330861,0.9764753015867268,0.4252729955680552,True
exp_122_ensemble_cnn100adam_lstm100adam_lstm100sgd,0.445782771069719,,0.575554558520393,77.55301898440713,,72.97851432820758,46.93630736210086,,47.00254074487204,-0.0302471459087432,1.0247645112244193,0.5554127944783802,-0.0224229786077684,0.981539963210965,0.4254414671505316,True
exp_086_ensemble_cnn100muon_cnn100adam_lstm100sgd,0.4396563296728807,,0.5756400822280575,77.7290139826738,,73.00294797227312,46.90225226444569,,46.95526695526696,-0.0306094984342008,1.0160948450436336,0.5613920193769523,-0.0220267749215604,0.9692680040710012,0.4256836895150335,True
exp_100_ensemble_cnn100muon_lstm100muon_mlp100sgd,0.4338538014043211,,0.5757031360678463,77.93282064402555,,72.97674377428979,48.5757110311447,,48.46271656087607,-0.0050695048713426,1.0142065823582107,0.5662822951211279,-0.0006358442546678,0.9792380028367502,0.4244935619112061,True
exp_098_ensemble_cnn100muon_lstm100muon_mlp100muon,0.436263242361222,,0.5757063477829154,77.87069192099567,,72.9963969227773,48.6934194199631,,48.4384599722023,-0.0021553935189008,1.0154783180557767,0.5638722675401551,-0.0012901237954994,0.9795842370390104,0.4244882921768479,True
exp_153_ensemble_lstm100muon_lstm100sgd_mlp100sgd,0.4400705744405686,,0.5757479912697387,77.76664923162095,,72.97373383262953,47.45717571469862,,47.54680901920166,-0.022218366377785,1.0309255493447689,0.5608986447714104,-0.0153486987460222,0.9910323582704348,0.4246642103958062,True
exp_050_ensemble_cnn100muon_lstm100adam,0.4366805332482778,,0.5757528155513074,77.80454644285773,,72.99728219973619,48.09797913557684,,47.91313662479307,-0.0120182717307827,1.0049595899769683,0.5634762071400258,-0.0081078071420224,0.964029802332166,0.4250092816759887,True
exp_118_ensemble_cnn100adam_lstm100muon_lstm100sgd,0.4419702656242798,,0.5757781944703196,77.6876239409083,,72.97851432820758,47.18346878239055,,47.21624660274967,-0.0265186288000107,1.0251953584284643,0.5590364819870632,-0.0194916521889312,0.9833702626819836,0.4249821989873708,True
exp_096_ensemble_cnn100muon_lstm100muon_lstm100adam,0.4360573518281783,,0.5758281192939434,77.84222535218646,,72.9928558149417,48.363084972707895,,48.13711169539391,-0.0080815074498896,1.009501500280604,0.5640567034427459,-0.0053203689112351,0.9722284854380192,0.4245962065148007,True
exp_054_ensemble_cnn100muon_mlp100sgd,0.4336997740039192,,0.5759750450028999,77.93557124806694,,72.97090094636107,48.42241943131479,,48.43686647367629,-0.0075326825605156,1.0112972434670704,0.5664263922420331,-0.0010686773048367,0.9732501524021214,0.4243574417388851,True
exp_106_ensemble_cnn100muon_lstm100sgd_mlp100adam,0.4407155606715525,,0.5759776566991835,77.70980341476576,,72.9817013252596,47.05288058099743,,47.074425233934434,-0.0278861716030089,1.017293440901044,0.5601977506418734,-0.0205077223085651,0.9691793092159527,0.4252389043411323,True
exp_072_ensemble_lstm100muon_mlp100sgd,0.4366396141108866,,0.5759888038363983,77.87545090259107,,72.95514301649271,48.82304709296081,,48.80584991014439,-0.0010898259057971,1.0262800312707647,0.5637311646939174,0.0031309874475124,0.9965338677608472,0.4240287905152686,True
exp_052_ensemble_cnn100muon_mlp100muon,0.4374085129612491,,0.5760023262732898,77.82397531267382,,72.97674377428979,48.59596944821136,,48.36462787383033,-0.0031752540321001,1.0129678788139271,0.5626935313728265,-0.0020411886103749,0.9737144717961514,0.4243282509650736,True
exp_158_ensemble_lstm100adam_lstm100sgd_mlp100adam,0.4473834640007414,,0.5761990870328184,77.52188913231977,,72.95354951796669,47.08051760255606,,47.124886020591546,-0.0274734700623268,1.0249892464622057,0.5536640620528306,-0.0208272592702679,0.980784612566526,0.4247033741276402,True
exp_163_ensemble_lstm100sgd_mlp100muon_mlp100adam,0.4482699513402788,,0.5762306391330809,77.53415769955195,,72.95160190865712,47.40308050188482,,47.41826680476987,-0.02154178564946,1.0296845088040385,0.55262701328194,-0.0168237724661253,0.987587472285092,0.4243016960965965,True
exp_152_ensemble_lstm100muon_lstm100sgd_mlp100adam,0.4432767726728569,,0.5762345775620438,77.65383080554277,,72.96417284147346,47.32575796605493,,47.31238768048584,-0.0237570445465642,1.0260282033237502,0.557618197387024,-0.0179328950394615,0.9830646613491046,0.4244384811087356,True
exp_070_ensemble_lstm100muon_mlp100muon,0.4411274331227385,,0.5762633012678883,77.76525209940945,,72.97019272479395,48.98280042926888,,48.73184075638064,0.0033390372498519,1.0267607033152133,0.5592630454266794,0.0021738200600272,0.9964303898323318,0.4237477124807783,True
exp_068_ensemble_lstm100muon_lstm100adam,0.4403507695131421,,0.5762975012454638,77.73145896404394,,72.96753689391726,48.49568155165503,,48.271850848537966,-0.0056733291806404,1.0181225326595678,0.5598576658615817,-0.0039779178770678,0.9848711452227988,0.4238393713599818,True
exp_079_ensemble_lstm100sgd_mlp100sgd,0.4437682564178065,,0.576369608102273,77.65588284347841,,72.95744473658584,46.76738534565488,,47.03954532175391,-0.0334323788855282,1.0357447319749562,0.5579381657686208,-0.0231200218530015,0.990588062192808,0.424507260374953,True
exp_105_ensemble_cnn100muon_lstm100sgd_mlp100muon,0.4412185273574937,,0.576407303205577,77.71382016987381,,72.97426499880487,47.3052375866986,,47.23200453261803,-0.0234078276975045,1.0206758907398066,0.5595370302520188,-0.0184508291238927,0.9750306741851544,0.424489195788448,True
exp_058_ensemble_cnn100adam_lstm100sgd,0.4466956127118763,,0.5764198131223385,77.54306441740023,,72.94823785621331,46.34789639915369,,46.54609194486496,-0.0398031518338227,1.0271476560463142,0.5551938707815699,-0.0292626875620808,0.9796188314333985,0.4251877657547248,True
exp_101_ensemble_cnn100muon_lstm100adam_lstm100sgd,0.4406954346764105,,0.5764666351315219,77.69513352654508,,72.96222523216387,46.98332959309398,,46.91861648916864,-0.0292654679537429,1.0155782113319602,0.5602667859900583,-0.0223985082921414,0.9684643808477,0.4249131568915549,True
exp_157_ensemble_lstm100adam_lstm100sgd_mlp100muon,0.4478949761810087,,0.5764906616790542,77.52424679292666,,72.92327304597244,47.31942721072159,,47.28848520259563,-0.0229619203381801,1.0285203026769527,0.553028674470454,-0.018789430874102,0.9872775327859544,0.4241562368671272,True
exp_151_ensemble_lstm100muon_lstm100sgd_mlp100muon,0.4438926517158717,,0.5767113734044654,77.66243190071978,,72.94221797289282,47.56191697017909,,47.49263006931719,-0.0192251515767869,1.0294090946205827,0.5569106786777416,-0.0158444824153263,0.9892578277734684,0.4237469175094944,True
exp_116_ensemble_cnn100adam_cnn100sgd_mlp100sgd,0.4435189467693161,,0.5767379320451801,77.66330510835196,,72.93672925574765,47.18058719720434,,47.3743570676086,-0.0266507314239703,1.0361933104372278,0.5578231317277429,-0.0185988603451963,0.9979614814061694,0.4237788709665077,True
exp_147_ensemble_lstm100muon_lstm100adam_lstm100sgd,0.4433479217473997,,0.5768967989746585,77.64706344639335,,72.94699846847085,47.24769320373768,,47.17180569941306,-0.0251493403570275,1.0240454135152643,0.5575626247989627,-0.0198143685854826,0.9818798276361548,0.4239146975012193,True
exp_097_ensemble_cnn100muon_lstm100muon_lstm100sgd,0.4374942545991557,,0.5771061509668021,77.81039693399336,,72.95903823511185,47.222544823930775,,47.14808027691464,-0.0255428109864034,1.0149218572942864,0.5632608927479388,-0.0194223280231357,0.9692699170848263,0.4240319478169896,True
LASSO,0.4520902588962938,,0.5771468257224658,77.46844882523011,,72.96098584442142,48.731927876542414,,48.885524836445086,-2.1857515797307772e-16,1.09422200147981,0.5520026770579524,0.0008428121084364,1.0504439436396016,0.4238525210921546,True
LASSO,0.4520902588962938,,0.5771468257224658,77.46844882523011,,72.96098584442142,48.731927876542414,,48.885524836445086,-1.5959455978986623e-16,1.0942220014798103,0.5520026770579524,0.0008428121084364,1.0504439436396018,0.4238525210921545,True
exp_115_ensemble_cnn100adam_cnn100sgd_mlp100adam,0.4471182326728846,,0.5773171269345495,77.55018105960254,,72.9397391974079,47.04633152375605,,47.15905771120495,-0.0281542953476511,1.0304488977849482,0.5541121031779236,-0.021150851590214,0.989605349058857,0.42344018320549,True
exp_112_ensemble_cnn100adam_cnn100sgd_lstm100adam,0.4467225757606385,,0.5774356644797055,77.55349924860482,,72.93035526164361,46.97058076166409,,47.012101736028114,-0.029570209590769,1.02935984090447,0.5545537985250812,-0.0231525298212438,0.9896734408259448,0.4234569904916465,True
exp_146_ensemble_cnn100sgd_mlp100adam_mlp100sgd,0.4451590346645951,,0.5774558056015459,77.63623567175426,,72.91920077196151,47.32536502262044,,47.47793447179951,-0.023845392274453,1.0364263376368172,0.5560571705740652,-0.0169701123884331,0.9970654506683436,0.4229808673268461,True
exp_078_ensemble_lstm100sgd_mlp100adam,0.4492216533430214,,0.577482427617633,77.49538728068299,,72.93743747731479,46.577811968707735,,46.70296302198143,-0.0356228801800211,1.0271180796009294,0.5523662514152508,-0.0268375545651329,0.9781750895939492,0.4239467343927098,True
exp_140_ensemble_cnn100sgd_lstm100adam_mlp100sgd,0.4446800476701594,,0.5774839297129983,77.63955386075656,,72.92274187979709,47.249133996330784,,47.32973910888021,-0.0252772254488138,1.0354529904510534,0.5565683605637866,-0.01899872009097,0.997280472777006,0.4230596621285436,True
exp_049_ensemble_cnn100muon_lstm100muon,0.4334890564025801,,0.5781722490188426,77.9259659641129,,72.93371931408741,48.48074970114469,,48.20899618445631,-0.0064953306683396,1.0015888721985011,0.5665544249107086,-0.0034575456759326,0.962557579038956,0.4225210951290304,True
exp_111_ensemble_cnn100adam_cnn100sgd_lstm100muon,0.4431362882080662,,0.5782670769670989,77.67644688321634,,72.90574456218629,47.21385640799055,,47.21642365814145,-0.0258132274018539,1.0293378805220257,0.557945838731396,-0.0200837105442373,0.9901840010456529,0.4224141691160255,True
exp_136_ensemble_cnn100sgd_lstm100muon_mlp100sgd,0.4411866329313346,,0.5783474728414444,77.76494647673819,,72.89335068476173,47.49227866151241,,47.54450729910853,-0.0214947919874322,1.0352715899978362,0.5598943486358275,-0.0159086733774408,0.9978555790924776,0.4220325804080908,True
exp_139_ensemble_cnn100sgd_lstm100adam_mlp100adam,0.4485834109847136,,0.578370205537935,77.51206554645769,,72.90485928522739,47.117279643871,,47.1047017059287,-0.0267712528019549,1.0290987431946197,0.5525350992560182,-0.0214855568929215,0.9882403604267858,0.4224299968394044,True
exp_083_ensemble_cnn100muon_cnn100adam_cnn100sgd,0.4409109831718227,,0.5783920724154684,77.7056556785129,,72.90680689453696,46.9435986458296,,46.98288759638453,-0.0299183169470841,1.0198759657566392,0.5601623267358854,-0.0225508588390403,0.9750216348540276,0.4227822701393667,True
exp_095_ensemble_cnn100muon_cnn100sgd_mlp100sgd,0.438947397290122,,0.5784163841825652,77.8034985936991,,72.89335068476173,47.22333071079974,,47.31415823440363,-0.025659697977998,1.02555882567445,0.5620276883385937,-0.0184383034918506,0.9822115975703454,0.4223029267542633,True
exp_073_ensemble_lstm100adam_lstm100sgd,0.4491650586488566,,0.5784509837280316,77.47041354240253,,72.88449791517276,46.45578120211002,,46.49332943811471,-0.0376912287395069,1.0245240010103915,0.5525049464610481,-0.0296525869026277,0.9766726346242268,0.4232773121176457,True
exp_077_ensemble_lstm100sgd_mlp100muon,0.4506554270915415,,0.5785572728168928,77.48538905329448,,72.89140307545216,46.92456271944799,,46.94145663470817,-0.0288312210425672,1.0309877356139447,0.5506240203567561,-0.0236963527397777,0.9862928432856573,0.4224319483294102,True
exp_051_ensemble_cnn100muon_lstm100sgd,0.4396191157173253,,0.5785928343037551,77.7484428524899,,72.93495870182987,46.41626855675369,,46.40568701918395,-0.0381664814434769,1.0123279314958933,0.5618856293084307,-0.0289527823411988,0.9587857392673104,0.4237772684256142,True
exp_069_ensemble_lstm100muon_lstm100sgd,0.4433481410797442,,0.5786863286619737,77.65924469286232,,72.9176072734355,46.80895002894683,,46.79184482865465,-0.0321051185205271,1.0252286433220936,0.5579703693458418,-0.0252925196377221,0.9793824472001268,0.4225804317727797,True
exp_047_ensemble_cnn100muon_cnn100adam,0.4467484456982903,,0.578774217963425,77.45425920120712,,72.78605511734347,45.67229565413293,,45.49934046866562,-0.0501308326057694,1.0136970410719317,0.5557986736180807,-0.0446227738202027,0.9793295056371693,0.424633232927018,True
exp_114_ensemble_cnn100adam_cnn100sgd_mlp100muon,0.4486382871259379,,0.5788650146625811,77.53241128428759,,72.89512123867952,47.274806300717,,47.30920068343381,-0.0235757977167729,1.032039454158618,0.552415963368327,-0.0188660492998661,0.9934472194073918,0.421704355620598,True
exp_135_ensemble_cnn100sgd_lstm100muon_mlp100adam,0.444702937549696,,0.5790134726046271,77.65051261654048,,72.89653768181375,47.36064261096068,,47.33097849662266,-0.0230290914059074,1.0296941946315037,0.5562598534133059,-0.0184587019849478,0.9892103591133228,0.4215845919459507,True
exp_094_ensemble_cnn100muon_cnn100sgd_mlp100adam,0.4422303564635472,,0.5790196594323985,77.69081114876576,,72.89158013084393,47.08876941468019,,47.08664205596721,-0.027171586821308,1.0206162786274413,0.5587063838275304,-0.0209677196793831,0.9743002600974512,0.4220614960569387,True
exp_091_ensemble_cnn100muon_cnn100sgd_lstm100adam,0.4418201843293967,,0.579021872906982,77.68234103473358,,72.88998663231791,47.0147650678526,,46.93224975433564,-0.0285767237151891,1.0196082143197878,0.5591721395409464,-0.0229623833360543,0.9746350600034982,0.4221943885026935,True
exp_145_ensemble_cnn100sgd_mlp100muon_mlp100sgd,0.4466677276690347,,0.5791040028767672,77.62243899116575,,72.88556024752344,47.55654674324116,,47.63923193371046,-0.0192360604741045,1.0381679511785116,0.5544249761260902,-0.0146473590767247,1.0009107059973346,0.421207015374987,True
exp_132_ensemble_cnn100sgd_lstm100muon_lstm100adam,0.4443840404852301,,0.5791889290594868,77.64343963471978,,72.8687399853044,47.281922942919294,,47.178002638125335,-0.0244453205940091,1.0284358450080606,0.5566064707217176,-0.0204451700653433,0.9891115798701322,0.4215301725564613,True
exp_138_ensemble_cnn100sgd_lstm100adam_mlp100muon,0.4502125905412513,,0.5800139485040379,77.49416478999794,,72.85528377552917,47.35335132723194,,47.27237316194371,-0.022192380675977,1.0304877501274865,0.5507332661308489,-0.0191853026680442,0.9918339196301478,0.4205918588507024,True
exp_144_ensemble_cnn100sgd_mlp100muon_mlp100adam,0.45097761183953,,0.5802406909158196,77.49390282770827,,72.8533361662196,47.42975699504804,,47.40445648421108,-0.0207533055928861,1.0308940235820274,0.549921540306944,-0.0171187299031727,0.9910218900393548,0.4202598590235197,True
exp_090_ensemble_cnn100muon_cnn100sgd_lstm100muon,0.4388452221450088,,0.5802691652797288,77.8067731223198,,72.88839313379191,47.25136067579285,,47.16348409599944,-0.0248289568301416,1.018503855804043,0.5619345332765673,-0.0198551767542085,0.974142289326737,0.4207400851603927,True
exp_143_ensemble_cnn100sgd_lstm100sgd_mlp100sgd,0.4483532464163849,,0.5805833464475789,77.5690423444577,,72.84660806133199,46.13518301995367,,46.347081684505,-0.0431610656719558,1.038184949941387,0.5541247385467198,-0.0331104244208454,0.991003144347222,0.421140876401607,True
exp_093_ensemble_cnn100muon_cnn100sgd_mlp100muon,0.4438509905257588,,0.580801474258659,77.67360895841175,,72.84094228879505,47.34095177885493,,47.25590701050824,-0.0226297428496809,1.021923754819367,0.5568956883194877,-0.0186580159178032,0.9773176304910656,0.420043759754298,True
exp_113_ensemble_cnn100adam_cnn100sgd_lstm100sgd,0.4505793638603952,,0.5808206574779592,77.47281486339104,,72.83828645791836,45.85689174757663,,46.03493302879806,-0.0473543020384194,1.031939982280089,0.5520552644126051,-0.0371202653662358,0.9833836291886368,0.4215041535217555,True
exp_134_ensemble_cnn100sgd_lstm100muon_mlp100muon,0.4464364839689811,,0.5808424367669158,77.63182597321173,,72.83899467948548,47.59793678500668,,47.5053780575253,-0.0184398740354602,1.030937301314604,0.554382684122646,-0.0161164194385685,0.9924544869880536,0.4195908436978531,True
exp_055_ensemble_cnn100adam_cnn100sgd,0.4496314467807819,,0.5811959905997539,77.49512531839333,,72.84412928584707,46.39146945999967,,46.55830876689773,-0.0387342728556726,1.0310702689253168,0.5522813401758282,-0.0300193355179184,0.9873512639241386,0.4202984846534243,True
exp_067_ensemble_cnn100sgd_mlp100sgd,0.4465916712774164,,0.5813946334982728,77.63352872809449,,72.80694765357342,46.804016405825,,47.01546578847192,-0.0323409456494297,1.0400859025115186,0.5551998930824538,-0.0238130413817184,0.9982320505190972,0.419446735378737,True
exp_142_ensemble_cnn100sgd_lstm100sgd_mlp100adam,0.4527397489601127,,0.5820150084284031,77.43972029413125,,72.80694765357342,46.0119734230525,,46.12841827565754,-0.0445102911404642,1.0309012668316972,0.5496182586206925,-0.0353689315879279,0.9812289487957582,0.4201697229339435,True
exp_137_ensemble_cnn100sgd_lstm100adam_lstm100sgd,0.4522998303386337,,0.5822126596508183,77.43408810490368,,72.80004249329403,45.93451990607779,,45.99987606122576,-0.0459169377197831,1.0299773634939475,0.5501536251303591,-0.0373570824547395,0.9813196037181022,0.4201963177681022,True
exp_133_ensemble_cnn100sgd_lstm100muon_lstm100sgd,0.4481580056105059,,0.582489246008635,77.57353936376346,,72.79508494232421,46.17465200492838,,46.210749032834926,-0.0421927526279539,1.0308202380835072,0.5540126124134467,-0.0344127259953379,0.9827339592053748,0.4195501501122944,True
exp_092_ensemble_cnn100muon_cnn100sgd_lstm100sgd,0.4455680209668704,,0.5825227193387691,77.61632653774046,,72.81332164767747,45.9018182802525,,45.94144778193858,-0.0461917432443543,1.022190301846999,0.5567363924881819,-0.0367159781184372,0.9684918570027718,0.4202605003649426,True
exp_063_ensemble_cnn100sgd_lstm100adam,0.4518086090643614,,0.5827844682785576,77.43714433161631,,72.79915721633513,46.4983937345606,,46.48376844695863,-0.0366374473909306,1.0289995617972838,0.5498958513064365,-0.0305023186673345,0.9853218623205148,0.4187973045776934,True
exp_066_ensemble_cnn100sgd_mlp100adam,0.4527428075712955,,0.5829111333231075,77.43587818054965,,72.80623943200631,46.615185255365205,,46.689329756814416,-0.0345003090195026,1.029913263270691,0.5488423187043509,-0.0274340899629411,0.9843772099756848,0.4184141868597211,True
exp_141_ensemble_cnn100sgd_lstm100sgd_mlp100muon,0.454669475970424,,0.5839286069433303,77.4085467816623,,72.7531228144725,46.24346076634448,,46.295735620889,-0.0399128127442642,1.0314020637541212,0.5473353876998317,-0.0330428386914522,0.9838345112104928,0.4179384296407449,True
exp_062_ensemble_cnn100sgd_lstm100muon,0.4465006817541994,,0.5843873104217996,77.63086544481634,,72.75896564240124,46.863001581379024,,46.83274462415567,-0.0309957850045357,1.0287012869899788,0.5548391026061292,-0.0258278518849372,0.985027628249534,0.4167901802714571,True
exp_048_ensemble_cnn100muon_cnn100sgd,0.442971075950881,,0.5848858083675024,77.69845171554738,,72.77224479678466,46.45940501378358,,46.45809541515063,-0.0370701553114155,1.015131124846493,0.5584865419619739,-0.0293240749727671,0.9624056325470758,0.4173401418816245,True
exp_065_ensemble_cnn100sgd_mlp100muon,0.4566913329164239,,0.5870283572420681,77.36628353226459,,72.66477217397463,46.96887800678133,,46.9428730778424,-0.0275528418297747,1.028837213176086,0.5444536000862308,-0.0236693365794047,0.9857498853046054,0.4139673523140088,True
exp_064_ensemble_cnn100sgd_lstm100sgd,0.46000558183058,,0.5901746289026562,77.28686529811745,,72.61147850104905,44.87409655755355,,45.04891155197904,-0.063140283254679,1.029220767547354,0.544196607155975,-0.0508108858502652,0.9724712586055948,0.4144306724759813,True
